Gencode Id,Gene Symbol,Variant Id,SNP Id,P-Value,NES,Tissue
ENSG00000244734.4,HBB,chr11_6177336_C_T_b38,rs444758,3.50E-07,0.28,Skin - Not Sun Exposed (Suprapubic)
ENSG00000244734.4,HBB,chr11_6182455_C_A_b38,rs10431016,0.0000035,0.25,Skin - Not Sun Exposed (Suprapubic)
ENSG00000244734.4,HBB,chr11_6185920_C_A_b38,rs4444058,0.0000036,0.25,Skin - Not Sun Exposed (Suprapubic)
ENSG00000244734.4,HBB,chr11_5405024_G_A_b38,rs58114066,0.0000044,1.2,Brain - Hippocampus
ENSG00000244734.4,HBB,chr11_5406436_C_T_b38,rs16930536,0.0000044,1.2,Brain - Hippocampus
ENSG00000244734.4,HBB,chr11_5404906_T_C_b38,rs10768919,0.0000044,-1.2,Brain - Hippocampus
ENSG00000244734.4,HBB,chr11_6179425_C_T_b38,rs11600097,0.0000058,0.27,Skin - Not Sun Exposed (Suprapubic)
ENSG00000244734.4,HBB,chr11_6181993_C_T_b38,rs4758396,0.0000074,0.27,Skin - Not Sun Exposed (Suprapubic)
ENSG00000244734.4,HBB,chr11_6183604_A_T_b38,rs35768253,0.0000074,0.27,Skin - Not Sun Exposed (Suprapubic)
ENSG00000244734.4,HBB,chr11_4576469_A_T_b38,rs3895822,0.0000081,1.3,Brain - Anterior qcingulate cortex (BA24)
ENSG00000244734.4,HBB,chr11_6177345_A_G_b38,rs11601050,0.0000084,0.27,Skin - Not Sun Exposed (Suprapubic)
ENSG00000244734.4,HBB,chr11_6177458_T_C_b38,rs11601498,0.0000084,0.27,Skin - Not Sun Exposed (Suprapubic)
ENSG00000244734.4,HBB,chr11_6177734_T_A_b38,rs12804417,0.0000084,0.27,Skin - Not Sun Exposed (Suprapubic)
ENSG00000244734.4,HBB,chr11_6177767_T_C_b38,rs12804437,0.0000084,0.27,Skin - Not Sun Exposed (Suprapubic)
ENSG00000244734.4,HBB,chr11_6178033_A_G_b38,rs12804602,0.0000084,0.27,Skin - Not Sun Exposed (Suprapubic)
ENSG00000244734.4,HBB,chr11_6180816_T_A_b38,rs141646664,0.000011,0.26,Skin - Not Sun Exposed (Suprapubic)
ENSG00000244734.4,HBB,chr11_6185478_A_G_b38,rs11602659,0.000011,0.26,Skin - Not Sun Exposed (Suprapubic)
ENSG00000244734.4,HBB,chr11_6179780_C_T_b38,rs2086007,0.000011,0.26,Skin - Not Sun Exposed (Suprapubic)
ENSG00000244734.4,HBB,chr11_5417456_G_A_b38,rs36161074,0.000012,0.86,Brain - Hippocampus
ENSG00000244734.4,HBB,chr11_5392785_A_G_b38,rs6578630,0.000021,-1.2,Brain - Hippocampus
ENSG00000244734.4,HBB,chr11_5394249_A_G_b38,rs6421051,0.000021,-1.2,Brain - Hippocampus
ENSG00000244734.4,HBB,chr11_5400066_A_G_b38,rs6578636,0.000021,-1.2,Brain - Hippocampus
ENSG00000244734.4,HBB,chr11_5400116_G_C_b38,rs6578637,0.000021,-1.2,Brain - Hippocampus
ENSG00000244734.4,HBB,chr11_5402124_A_G_b38,rs7478845,0.000021,-1.2,Brain - Hippocampus
ENSG00000244734.4,HBB,chr11_4576120_G_A_b38,rs79473862,0.000022,1.3,Brain - Anterior qcingulate cortex (BA24)
ENSG00000244734.4,HBB,chr11_4593902_T_C_b38,rs57434541,0.000022,1.4,Brain - Hippocampus
ENSG00000244734.4,HBB,chr11_6189369_T_C_b38,rs564372807,0.000027,0.25,Skin - Not Sun Exposed (Suprapubic)
ENSG00000244734.4,HBB,chr11_6189365_C_A_b38,rs61876686,0.000027,0.25,Skin - Not Sun Exposed (Suprapubic)
ENSG00000244734.4,HBB,chr11_5412500_C_T_b38,rs143387443,0.000027,1.3,Brain - Hippocampus
ENSG00000244734.4,HBB,chr11_4291719_G_C_b38,rs77249606,0.000028,-0.21,Artery - Aorta
ENSG00000244734.4,HBB,chr11_6185418_T_C_b38,rs11603128,0.000031,0.24,Skin - Not Sun Exposed (Suprapubic)
ENSG00000244734.4,HBB,chr11_6178121_G_T_b38,rs12802576,0.000034,0.24,Skin - Not Sun Exposed (Suprapubic)
ENSG00000244734.4,HBB,chr11_5350810_T_A_b38,rs4243955,0.000035,-1.3,Brain - Hippocampus
ENSG00000244734.4,HBB,chr11_6188908_A_G_b38,rs75260088,0.00005,0.24,Skin - Not Sun Exposed (Suprapubic)
ENSG00000244734.4,HBB,chr11_6180364_C_T_b38,rs11040783,0.000057,0.23,Skin - Not Sun Exposed (Suprapubic)
ENSG00000244734.4,HBB,chr11_4563662_A_C_b38,rs151024328,0.000078,0.9,Artery - Aorta
ENSG00000244734.4,HBB,chr11_6185411_G_C_b38,rs10839528,0.000079,0.22,Skin - Not Sun Exposed (Suprapubic)
ENSG00000244734.4,HBB,chr11_6185511_C_A_b38,rs10839529,0.000096,0.22,Skin - Not Sun Exposed (Suprapubic)
ENSG00000244734.4,HBB,chr11_6196858_A_G_b38,rs2004459,0.00011,0.22,Skin - Not Sun Exposed (Suprapubic)